{"Mean":{"confidence_interval":{"confidence_level":0.95,"lower_bound":31295.688652968274,"upper_bound":32421.385067277086},"point_estimate":31796.96962697949,"standard_error":290.2748124530989},"Median":{"confidence_interval":{"confidence_level":0.95,"lower_bound":30983.448945615983,"upper_bound":31189.33823529412},"point_estimate":31041.74558080808,"standard_error":45.93060023018637},"MedianAbsDev":{"confidence_interval":{"confidence_level":0.95,"lower_bound":328.0222464369467,"upper_bound":579.225667252921},"point_estimate":468.75290360979113,"standard_error":64.24474801184468},"Slope":{"confidence_interval":{"confidence_level":0.95,"lower_bound":31137.4868152166,"upper_bound":31970.197817775057},"point_estimate":31461.968006502142,"standard_error":221.25723948396336},"StdDev":{"confidence_interval":{"confidence_level":0.95,"lower_bound":1110.5830017484122,"upper_bound":4175.797867472276},"point_estimate":2924.544159350184,"standard_error":751.654443593445}}