{"Mean":{"confidence_interval":{"confidence_level":0.95,"lower_bound":-0.008476297386567844,"upper_bound":0.013287745367767459},"point_estimate":0.002615814736259159,"standard_error":0.005556642598564102},"Median":{"confidence_interval":{"confidence_level":0.95,"lower_bound":-0.006576235748351755,"upper_bound":0.0076476935685134695},"point_estimate":-0.00042408598385557106,"standard_error":0.00365794755998004}}