{"Mean":{"confidence_interval":{"confidence_level":0.95,"lower_bound":19191.30467185672,"upper_bound":19418.699255912317},"point_estimate":19297.485357477723,"standard_error":58.13868311488075},"Median":{"confidence_interval":{"confidence_level":0.95,"lower_bound":19076.168929110107,"upper_bound":19237.458193979932},"point_estimate":19165.752851799363,"standard_error":43.95280551430538},"MedianAbsDev":{"confidence_interval":{"confidence_level":0.95,"lower_bound":259.84492591682596,"upper_bound":425.66108491436256},"point_estimate":347.5011247055599,"standard_error":43.236702358169914},"Slope":{"confidence_interval":{"confidence_level":0.95,"lower_bound":19212.759462607886,"upper_bound":19378.68474490057},"point_estimate":19293.004740198474,"standard_error":42.309293617915046},"StdDev":{"confidence_interval":{"confidence_level":0.95,"lower_bound":391.91697128365684,"upper_bound":767.19906497255},"point_estimate":588.1424963995645,"standard_error":96.23588402421795}}