{"Mean":{"confidence_interval":{"confidence_level":0.95,"lower_bound":4.689789300216866,"upper_bound":4.760375336010672},"point_estimate":4.723173110355467,"standard_error":0.01796446321086466},"Median":{"confidence_interval":{"confidence_level":0.95,"lower_bound":4.654054197375762,"upper_bound":4.696694163445648},"point_estimate":4.670911442470985,"standard_error":0.01070564545929857},"MedianAbsDev":{"confidence_interval":{"confidence_level":0.95,"lower_bound":0.06450212056716723,"upper_bound":0.11854627378470874},"point_estimate":0.08299438165247179,"standard_error":0.013423727201506403},"Slope":{"confidence_interval":{"confidence_level":0.95,"lower_bound":4.669716648112915,"upper_bound":4.75099122458243},"point_estimate":4.708418938929127,"standard_error":0.020796293177134745},"StdDev":{"confidence_interval":{"confidence_level":0.95,"lower_bound":0.1267373438799889,"upper_bound":0.2317502059547596},"point_estimate":0.1802894617505479,"standard_error":0.026984432976314865}}