{"Mean":{"confidence_interval":{"confidence_level":0.95,"lower_bound":4.6865919326828935,"upper_bound":4.826877407001549},"point_estimate":4.749468876197933,"standard_error":0.03613337128527054},"Median":{"confidence_interval":{"confidence_level":0.95,"lower_bound":4.638498164085483,"upper_bound":4.691865443093111},"point_estimate":4.669174721938917,"standard_error":0.012867922635856397},"MedianAbsDev":{"confidence_interval":{"confidence_level":0.95,"lower_bound":0.0854887608102471,"upper_bound":0.14427215827465295},"point_estimate":0.1135694875778934,"standard_error":0.01556002340961474},"Slope":{"confidence_interval":{"confidence_level":0.95,"lower_bound":4.647754164901754,"upper_bound":4.722266788312594},"point_estimate":4.682346166582889,"standard_error":0.019082129332533393},"StdDev":{"confidence_interval":{"confidence_level":0.95,"lower_bound":0.162066355229056,"upper_bound":0.5136271100210184},"point_estimate":0.36365648434229814,"standard_error":0.08846234196500716}}