{"Mean":{"confidence_interval":{"confidence_level":0.95,"lower_bound":5.127090641334778,"upper_bound":5.23123406288508},"point_estimate":5.174134237245827,"standard_error":0.026625233442313354},"Median":{"confidence_interval":{"confidence_level":0.95,"lower_bound":5.083120068147297,"upper_bound":5.1395625941366525},"point_estimate":5.103754249805536,"standard_error":0.01309281554573903},"MedianAbsDev":{"confidence_interval":{"confidence_level":0.95,"lower_bound":0.07887020145424532,"upper_bound":0.1278232685069992},"point_estimate":0.10171122605107209,"standard_error":0.012656760168092964},"Slope":{"confidence_interval":{"confidence_level":0.95,"lower_bound":5.123323368994097,"upper_bound":5.244947819421853},"point_estimate":5.173405844184566,"standard_error":0.03146425257664682},"StdDev":{"confidence_interval":{"confidence_level":0.95,"lower_bound":0.1517623872609745,"upper_bound":0.3795325306839991},"point_estimate":0.26760216042211804,"standard_error":0.060472037630525534}}