{"Mean":{"confidence_interval":{"confidence_level":0.95,"lower_bound":19189.436993840445,"upper_bound":19387.95822974072},"point_estimate":19284.21673781045,"standard_error":50.61075953480153},"Median":{"confidence_interval":{"confidence_level":0.95,"lower_bound":19065.189048239896,"upper_bound":19247.31663685152},"point_estimate":19158.025568181816,"standard_error":39.6634584646669},"MedianAbsDev":{"confidence_interval":{"confidence_level":0.95,"lower_bound":229.32252683175213,"upper_bound":391.0153776734743},"point_estimate":300.31279213429315,"standard_error":41.38531961197946},"Slope":{"confidence_interval":{"confidence_level":0.95,"lower_bound":19196.814266495523,"upper_bound":19436.155310861093},"point_estimate":19310.74450671244,"standard_error":61.247839919749566},"StdDev":{"confidence_interval":{"confidence_level":0.95,"lower_bound":380.9687888326143,"upper_bound":620.1314416037659},"point_estimate":508.78945388810087,"standard_error":61.16159006578181}}