{"Mean":{"confidence_interval":{"confidence_level":0.95,"lower_bound":-0.01663615203261628,"upper_bound":0.026814317862783554},"point_estimate":0.005073330296754053,"standard_error":0.0110369398141501},"Median":{"confidence_interval":{"confidence_level":0.95,"lower_bound":-0.008705322837157768,"upper_bound":0.006029587119676716},"point_estimate":-0.0004724534880239384,"standard_error":0.0035696763203163576}}