{"Mean":{"confidence_interval":{"confidence_level":0.95,"lower_bound":-0.022760338155223825,"upper_bound":-0.002236127647050845},"point_estimate":-0.012258823084615678,"standard_error":0.005198574246008731},"Median":{"confidence_interval":{"confidence_level":0.95,"lower_bound":-0.012665422281127547,"upper_bound":0.00006044555398099227},"point_estimate":-0.0056351510115123515,"standard_error":0.003336096822956214}}