{"Mean":{"confidence_interval":{"confidence_level":0.95,"lower_bound":-0.005442772901443708,"upper_bound":0.03164478789809129},"point_estimate":0.012304783996208712,"standard_error":0.009672771001248706},"Median":{"confidence_interval":{"confidence_level":0.95,"lower_bound":-0.00741519970103639,"upper_bound":0.0035148967917493223},"point_estimate":-0.0025463516356105664,"standard_error":0.0028092342774936347}}