{"Mean":{"confidence_interval":{"confidence_level":0.95,"lower_bound":-0.009653253885065695,"upper_bound":0.0061681645598758135},"point_estimate":-0.001797794950961995,"standard_error":0.004052872795417921},"Median":{"confidence_interval":{"confidence_level":0.95,"lower_bound":-0.006595923278991724,"upper_bound":0.004313850100134742},"point_estimate":-0.00042394017927227523,"standard_error":0.002774008684617836}}