{"Mean":{"confidence_interval":{"confidence_level":0.95,"lower_bound":-0.040051731403618604,"upper_bound":0.001127823544505596},"point_estimate":-0.018478223494309165,"standard_error":0.010462179388781844},"Median":{"confidence_interval":{"confidence_level":0.95,"lower_bound":-0.012998842533619262,"upper_bound":0.0012414406139817924},"point_estimate":-0.006523417239515439,"standard_error":0.003526083602316944}}